{
    "folders": [
        {
            "id": "90153624098",
            "name": "testtest",
            "orderindex": 0,
            "override_statuses": false,
            "hidden": false,
            "space": {
                "id": "90152363684",
                "name": "New Space Namsssse"
            },
            "task_count": "12",
            "archived": false,
            "statuses": [],
            "lists": [
                {
                    "id": "901505617729",
                    "name": "List",
                    "orderindex": 0,
                    "status": null,
                    "priority": null,
                    "assignee": null,
                    "task_count": 11,
                    "due_date": null,
                    "start_date": null,
                    "space": {
                        "id": "90152363684",
                        "name": "New Space Namsssse",
                        "access": true
                    },
                    "archived": false,
                    "override_statuses": null,
                    "statuses": [
                        {
                            "id": "p90152363684_lFbAmagh",
                            "status": "to do",
                            "orderindex": 0,
                            "color": "#87909e",
                            "type": "open",
                            "status_group": "proj_90152363684"
                        },
                        {
                            "id": "p90152363684_xeVoaBbD",
                            "status": "complete",
                            "orderindex": 1,
                            "color": "#008844",
                            "type": "closed",
                            "status_group": "proj_90152363684"
                        }
                    ],
                    "permission_level": "create"
                },
                {
                    "id": "901505980310",
                    "name": "ds",
                    "orderindex": 1,
                    "content": "",
                    "status": null,
                    "priority": null,
                    "assignee": null,
                    "task_count": 0,
                    "due_date": null,
                    "start_date": null,
                    "space": {
                        "id": "90152363684",
                        "name": "New Space Namsssse",
                        "access": true
                    },
                    "archived": false,
                    "override_statuses": false,
                    "statuses": [
                        {
                            "id": "p90152363684_lFbAmagh",
                            "status": "to do",
                            "orderindex": 0,
                            "color": "#87909e",
                            "type": "open",
                            "status_group": "proj_90152363684"
                        },
                        {
                            "id": "p90152363684_xeVoaBbD",
                            "status": "complete",
                            "orderindex": 1,
                            "color": "#008844",
                            "type": "closed",
                            "status_group": "proj_90152363684"
                        }
                    ],
                    "permission_level": "create"
                },
                {
                    "id": "901505981294",
                    "name": "fvdfdf",
                    "orderindex": 2,
                    "content": "",
                    "status": null,
                    "priority": null,
                    "assignee": null,
                    "task_count": 0,
                    "due_date": null,
                    "start_date": null,
                    "space": {
                        "id": "90152363684",
                        "name": "New Space Namsssse",
                        "access": true
                    },
                    "archived": false,
                    "override_statuses": false,
                    "statuses": [
                        {
                            "id": "p90152363684_lFbAmagh",
                            "status": "to do",
                            "orderindex": 0,
                            "color": "#87909e",
                            "type": "open",
                            "status_group": "proj_90152363684"
                        },
                        {
                            "id": "p90152363684_xeVoaBbD",
                            "status": "complete",
                            "orderindex": 1,
                            "color": "#008844",
                            "type": "closed",
                            "status_group": "proj_90152363684"
                        }
                    ],
                    "permission_level": "create"
                },
                {
                    "id": "901506494928",
                    "name": "sssdcsss t",
                    "orderindex": 3,
                    "content": "",
                    "status": null,
                    "priority": null,
                    "assignee": null,
                    "task_count": 0,
                    "due_date": null,
                    "start_date": null,
                    "space": {
                        "id": "90152363684",
                        "name": "New Space Namsssse",
                        "access": true
                    },
                    "archived": false,
                    "override_statuses": false,
                    "statuses": [
                        {
                            "id": "p90152363684_lFbAmagh",
                            "status": "to do",
                            "orderindex": 0,
                            "color": "#87909e",
                            "type": "open",
                            "status_group": "proj_90152363684"
                        },
                        {
                            "id": "p90152363684_xeVoaBbD",
                            "status": "complete",
                            "orderindex": 1,
                            "color": "#008844",
                            "type": "closed",
                            "status_group": "proj_90152363684"
                        }
                    ],
                    "permission_level": "create"
                },
                {
                    "id": "901506494989",
                    "name": "sssdcsss n",
                    "orderindex": 4,
                    "content": "",
                    "status": null,
                    "priority": null,
                    "assignee": null,
                    "task_count": 0,
                    "due_date": null,
                    "start_date": null,
                    "space": {
                        "id": "90152363684",
                        "name": "New Space Namsssse",
                        "access": true
                    },
                    "archived": false,
                    "override_statuses": false,
                    "statuses": [
                        {
                            "id": "p90152363684_lFbAmagh",
                            "status": "to do",
                            "orderindex": 0,
                            "color": "#87909e",
                            "type": "open",
                            "status_group": "proj_90152363684"
                        },
                        {
                            "id": "p90152363684_xeVoaBbD",
                            "status": "complete",
                            "orderindex": 1,
                            "color": "#008844",
                            "type": "closed",
                            "status_group": "proj_90152363684"
                        }
                    ],
                    "permission_level": "create"
                },
                {
                    "id": "901506494991",
                    "name": "sssdcsss h",
                    "orderindex": 5,
                    "content": "",
                    "status": null,
                    "priority": null,
                    "assignee": null,
                    "task_count": 0,
                    "due_date": null,
                    "start_date": null,
                    "space": {
                        "id": "90152363684",
                        "name": "New Space Namsssse",
                        "access": true
                    },
                    "archived": false,
                    "override_statuses": false,
                    "statuses": [
                        {
                            "id": "p90152363684_lFbAmagh",
                            "status": "to do",
                            "orderindex": 0,
                            "color": "#87909e",
                            "type": "open",
                            "status_group": "proj_90152363684"
                        },
                        {
                            "id": "p90152363684_xeVoaBbD",
                            "status": "complete",
                            "orderindex": 1,
                            "color": "#008844",
                            "type": "closed",
                            "status_group": "proj_90152363684"
                        }
                    ],
                    "permission_level": "create"
                },
                {
                    "id": "901506495241",
                    "name": "sssdcsss",
                    "orderindex": 6,
                    "content": "",
                    "status": null,
                    "priority": null,
                    "assignee": null,
                    "task_count": 0,
                    "due_date": null,
                    "start_date": null,
                    "space": {
                        "id": "90152363684",
                        "name": "New Space Namsssse",
                        "access": true
                    },
                    "archived": false,
                    "override_statuses": false,
                    "statuses": [
                        {
                            "id": "p90152363684_lFbAmagh",
                            "status": "to do",
                            "orderindex": 0,
                            "color": "#87909e",
                            "type": "open",
                            "status_group": "proj_90152363684"
                        },
                        {
                            "id": "p90152363684_xeVoaBbD",
                            "status": "complete",
                            "orderindex": 1,
                            "color": "#008844",
                            "type": "closed",
                            "status_group": "proj_90152363684"
                        }
                    ],
                    "permission_level": "create"
                },
                {
                    "id": "901506495247",
                    "name": "sssdcssscds",
                    "orderindex": 7,
                    "content": "",
                    "status": null,
                    "priority": null,
                    "assignee": null,
                    "task_count": 0,
                    "due_date": null,
                    "start_date": null,
                    "space": {
                        "id": "90152363684",
                        "name": "New Space Namsssse",
                        "access": true
                    },
                    "archived": false,
                    "override_statuses": false,
                    "statuses": [
                        {
                            "id": "p90152363684_lFbAmagh",
                            "status": "to do",
                            "orderindex": 0,
                            "color": "#87909e",
                            "type": "open",
                            "status_group": "proj_90152363684"
                        },
                        {
                            "id": "p90152363684_xeVoaBbD",
                            "status": "complete",
                            "orderindex": 1,
                            "color": "#008844",
                            "type": "closed",
                            "status_group": "proj_90152363684"
                        }
                    ],
                    "permission_level": "create"
                },
                {
                    "id": "901506495281",
                    "name": "test North Shawnberg",
                    "orderindex": 8,
                    "content": "",
                    "status": null,
                    "priority": null,
                    "assignee": null,
                    "task_count": 0,
                    "due_date": null,
                    "start_date": null,
                    "space": {
                        "id": "90152363684",
                        "name": "New Space Namsssse",
                        "access": true
                    },
                    "archived": false,
                    "override_statuses": false,
                    "statuses": [
                        {
                            "id": "p90152363684_lFbAmagh",
                            "status": "to do",
                            "orderindex": 0,
                            "color": "#87909e",
                            "type": "open",
                            "status_group": "proj_90152363684"
                        },
                        {
                            "id": "p90152363684_xeVoaBbD",
                            "status": "complete",
                            "orderindex": 1,
                            "color": "#008844",
                            "type": "closed",
                            "status_group": "proj_90152363684"
                        }
                    ],
                    "permission_level": "create"
                },
                {
                    "id": "901506495287",
                    "name": "test Joybury",
                    "orderindex": 9,
                    "content": "",
                    "status": null,
                    "priority": null,
                    "assignee": null,
                    "task_count": 0,
                    "due_date": null,
                    "start_date": null,
                    "space": {
                        "id": "90152363684",
                        "name": "New Space Namsssse",
                        "access": true
                    },
                    "archived": false,
                    "override_statuses": false,
                    "statuses": [
                        {
                            "id": "p90152363684_lFbAmagh",
                            "status": "to do",
                            "orderindex": 0,
                            "color": "#87909e",
                            "type": "open",
                            "status_group": "proj_90152363684"
                        },
                        {
                            "id": "p90152363684_xeVoaBbD",
                            "status": "complete",
                            "orderindex": 1,
                            "color": "#008844",
                            "type": "closed",
                            "status_group": "proj_90152363684"
                        }
                    ],
                    "permission_level": "create"
                },
                {
                    "id": "901506495290",
                    "name": "test North German",
                    "orderindex": 10,
                    "content": "",
                    "status": null,
                    "priority": null,
                    "assignee": null,
                    "task_count": 0,
                    "due_date": null,
                    "start_date": null,
                    "space": {
                        "id": "90152363684",
                        "name": "New Space Namsssse",
                        "access": true
                    },
                    "archived": false,
                    "override_statuses": false,
                    "statuses": [
                        {
                            "id": "p90152363684_lFbAmagh",
                            "status": "to do",
                            "orderindex": 0,
                            "color": "#87909e",
                            "type": "open",
                            "status_group": "proj_90152363684"
                        },
                        {
                            "id": "p90152363684_xeVoaBbD",
                            "status": "complete",
                            "orderindex": 1,
                            "color": "#008844",
                            "type": "closed",
                            "status_group": "proj_90152363684"
                        }
                    ],
                    "permission_level": "create"
                },
                {
                    "id": "901506495324",
                    "name": "Anaheim",
                    "orderindex": 11,
                    "content": "",
                    "status": null,
                    "priority": null,
                    "assignee": null,
                    "task_count": 0,
                    "due_date": null,
                    "start_date": null,
                    "space": {
                        "id": "90152363684",
                        "name": "New Space Namsssse",
                        "access": true
                    },
                    "archived": false,
                    "override_statuses": false,
                    "statuses": [
                        {
                            "id": "p90152363684_lFbAmagh",
                            "status": "to do",
                            "orderindex": 0,
                            "color": "#87909e",
                            "type": "open",
                            "status_group": "proj_90152363684"
                        },
                        {
                            "id": "p90152363684_xeVoaBbD",
                            "status": "complete",
                            "orderindex": 1,
                            "color": "#008844",
                            "type": "closed",
                            "status_group": "proj_90152363684"
                        }
                    ],
                    "permission_level": "create"
                },
                {
                    "id": "901506495329",
                    "name": "test+Ankeny",
                    "orderindex": 12,
                    "content": "",
                    "status": null,
                    "priority": null,
                    "assignee": null,
                    "task_count": 0,
                    "due_date": null,
                    "start_date": null,
                    "space": {
                        "id": "90152363684",
                        "name": "New Space Namsssse",
                        "access": true
                    },
                    "archived": false,
                    "override_statuses": false,
                    "statuses": [
                        {
                            "id": "p90152363684_lFbAmagh",
                            "status": "to do",
                            "orderindex": 0,
                            "color": "#87909e",
                            "type": "open",
                            "status_group": "proj_90152363684"
                        },
                        {
                            "id": "p90152363684_xeVoaBbD",
                            "status": "complete",
                            "orderindex": 1,
                            "color": "#008844",
                            "type": "closed",
                            "status_group": "proj_90152363684"
                        }
                    ],
                    "permission_level": "create"
                },
                {
                    "id": "901506495340",
                    "name": "roman_Parker",
                    "orderindex": 13,
                    "content": "",
                    "status": null,
                    "priority": null,
                    "assignee": null,
                    "task_count": 0,
                    "due_date": null,
                    "start_date": null,
                    "space": {
                        "id": "90152363684",
                        "name": "New Space Namsssse",
                        "access": true
                    },
                    "archived": false,
                    "override_statuses": false,
                    "statuses": [
                        {
                            "id": "p90152363684_lFbAmagh",
                            "status": "to do",
                            "orderindex": 0,
                            "color": "#87909e",
                            "type": "open",
                            "status_group": "proj_90152363684"
                        },
                        {
                            "id": "p90152363684_xeVoaBbD",
                            "status": "complete",
                            "orderindex": 1,
                            "color": "#008844",
                            "type": "closed",
                            "status_group": "proj_90152363684"
                        }
                    ],
                    "permission_level": "create"
                },
                {
                    "id": "901506495343",
                    "name": "roman_New Jazmynmouth",
                    "orderindex": 14,
                    "content": "",
                    "status": null,
                    "priority": null,
                    "assignee": null,
                    "task_count": 0,
                    "due_date": null,
                    "start_date": null,
                    "space": {
                        "id": "90152363684",
                        "name": "New Space Namsssse",
                        "access": true
                    },
                    "archived": false,
                    "override_statuses": false,
                    "statuses": [
                        {
                            "id": "p90152363684_lFbAmagh",
                            "status": "to do",
                            "orderindex": 0,
                            "color": "#87909e",
                            "type": "open",
                            "status_group": "proj_90152363684"
                        },
                        {
                            "id": "p90152363684_xeVoaBbD",
                            "status": "complete",
                            "orderindex": 1,
                            "color": "#008844",
                            "type": "closed",
                            "status_group": "proj_90152363684"
                        }
                    ],
                    "permission_level": "create"
                },
                {
                    "id": "901506495389",
                    "name": "test Cupertino",
                    "orderindex": 15,
                    "content": "",
                    "status": null,
                    "priority": null,
                    "assignee": null,
                    "task_count": 1,
                    "due_date": null,
                    "start_date": null,
                    "space": {
                        "id": "90152363684",
                        "name": "New Space Namsssse",
                        "access": true
                    },
                    "archived": false,
                    "override_statuses": false,
                    "statuses": [
                        {
                            "id": "p90152363684_lFbAmagh",
                            "status": "to do",
                            "orderindex": 0,
                            "color": "#87909e",
                            "type": "open",
                            "status_group": "proj_90152363684"
                        },
                        {
                            "id": "p90152363684_xeVoaBbD",
                            "status": "complete",
                            "orderindex": 1,
                            "color": "#008844",
                            "type": "closed",
                            "status_group": "proj_90152363684"
                        }
                    ],
                    "permission_level": "create"
                },
                {
                    "id": "901506495428",
                    "name": "roman_South Lauriannehaven",
                    "orderindex": 16,
                    "content": "",
                    "status": null,
                    "priority": null,
                    "assignee": null,
                    "task_count": 0,
                    "due_date": null,
                    "start_date": null,
                    "space": {
                        "id": "90152363684",
                        "name": "New Space Namsssse",
                        "access": true
                    },
                    "archived": false,
                    "override_statuses": false,
                    "statuses": [
                        {
                            "id": "p90152363684_lFbAmagh",
                            "status": "to do",
                            "orderindex": 0,
                            "color": "#87909e",
                            "type": "open",
                            "status_group": "proj_90152363684"
                        },
                        {
                            "id": "p90152363684_xeVoaBbD",
                            "status": "complete",
                            "orderindex": 1,
                            "color": "#008844",
                            "type": "closed",
                            "status_group": "proj_90152363684"
                        }
                    ],
                    "permission_level": "create"
                },
                {
                    "id": "901506495437",
                    "name": "roman_Ettieshire",
                    "orderindex": 17,
                    "content": "",
                    "status": null,
                    "priority": null,
                    "assignee": null,
                    "task_count": 0,
                    "due_date": null,
                    "start_date": null,
                    "space": {
                        "id": "90152363684",
                        "name": "New Space Namsssse",
                        "access": true
                    },
                    "archived": false,
                    "override_statuses": false,
                    "statuses": [
                        {
                            "id": "p90152363684_lFbAmagh",
                            "status": "to do",
                            "orderindex": 0,
                            "color": "#87909e",
                            "type": "open",
                            "status_group": "proj_90152363684"
                        },
                        {
                            "id": "p90152363684_xeVoaBbD",
                            "status": "complete",
                            "orderindex": 1,
                            "color": "#008844",
                            "type": "closed",
                            "status_group": "proj_90152363684"
                        }
                    ],
                    "permission_level": "create"
                },
                {
                    "id": "901506495555",
                    "name": "roman_New Dante",
                    "orderindex": 18,
                    "content": "",
                    "status": null,
                    "priority": null,
                    "assignee": null,
                    "task_count": 0,
                    "due_date": null,
                    "start_date": null,
                    "space": {
                        "id": "90152363684",
                        "name": "New Space Namsssse",
                        "access": true
                    },
                    "archived": false,
                    "override_statuses": false,
                    "statuses": [
                        {
                            "id": "p90152363684_lFbAmagh",
                            "status": "to do",
                            "orderindex": 0,
                            "color": "#87909e",
                            "type": "open",
                            "status_group": "proj_90152363684"
                        },
                        {
                            "id": "p90152363684_xeVoaBbD",
                            "status": "complete",
                            "orderindex": 1,
                            "color": "#008844",
                            "type": "closed",
                            "status_group": "proj_90152363684"
                        }
                    ],
                    "permission_level": "create"
                },
                {
                    "id": "901506495565",
                    "name": "roman_Lake Gustaveland",
                    "orderindex": 19,
                    "content": "",
                    "status": null,
                    "priority": null,
                    "assignee": null,
                    "task_count": 0,
                    "due_date": null,
                    "start_date": null,
                    "space": {
                        "id": "90152363684",
                        "name": "New Space Namsssse",
                        "access": true
                    },
                    "archived": false,
                    "override_statuses": false,
                    "statuses": [
                        {
                            "id": "p90152363684_lFbAmagh",
                            "status": "to do",
                            "orderindex": 0,
                            "color": "#87909e",
                            "type": "open",
                            "status_group": "proj_90152363684"
                        },
                        {
                            "id": "p90152363684_xeVoaBbD",
                            "status": "complete",
                            "orderindex": 1,
                            "color": "#008844",
                            "type": "closed",
                            "status_group": "proj_90152363684"
                        }
                    ],
                    "permission_level": "create"
                },
                {
                    "id": "901506495567",
                    "name": "roman_South Sarah",
                    "orderindex": 20,
                    "content": "",
                    "status": null,
                    "priority": null,
                    "assignee": null,
                    "task_count": 0,
                    "due_date": null,
                    "start_date": null,
                    "space": {
                        "id": "90152363684",
                        "name": "New Space Namsssse",
                        "access": true
                    },
                    "archived": false,
                    "override_statuses": false,
                    "statuses": [
                        {
                            "id": "p90152363684_lFbAmagh",
                            "status": "to do",
                            "orderindex": 0,
                            "color": "#87909e",
                            "type": "open",
                            "status_group": "proj_90152363684"
                        },
                        {
                            "id": "p90152363684_xeVoaBbD",
                            "status": "complete",
                            "orderindex": 1,
                            "color": "#008844",
                            "type": "closed",
                            "status_group": "proj_90152363684"
                        }
                    ],
                    "permission_level": "create"
                },
                {
                    "id": "901506495582",
                    "name": "roman_West Tiara",
                    "orderindex": 21,
                    "content": "",
                    "status": null,
                    "priority": null,
                    "assignee": null,
                    "task_count": 0,
                    "due_date": null,
                    "start_date": null,
                    "space": {
                        "id": "90152363684",
                        "name": "New Space Namsssse",
                        "access": true
                    },
                    "archived": false,
                    "override_statuses": false,
                    "statuses": [
                        {
                            "id": "p90152363684_lFbAmagh",
                            "status": "to do",
                            "orderindex": 0,
                            "color": "#87909e",
                            "type": "open",
                            "status_group": "proj_90152363684"
                        },
                        {
                            "id": "p90152363684_xeVoaBbD",
                            "status": "complete",
                            "orderindex": 1,
                            "color": "#008844",
                            "type": "closed",
                            "status_group": "proj_90152363684"
                        }
                    ],
                    "permission_level": "create"
                },
                {
                    "id": "901506495601",
                    "name": "roman_Philadelphia",
                    "orderindex": 22,
                    "content": "",
                    "status": null,
                    "priority": null,
                    "assignee": null,
                    "task_count": 0,
                    "due_date": null,
                    "start_date": null,
                    "space": {
                        "id": "90152363684",
                        "name": "New Space Namsssse",
                        "access": true
                    },
                    "archived": false,
                    "override_statuses": false,
                    "statuses": [
                        {
                            "id": "p90152363684_lFbAmagh",
                            "status": "to do",
                            "orderindex": 0,
                            "color": "#87909e",
                            "type": "open",
                            "status_group": "proj_90152363684"
                        },
                        {
                            "id": "p90152363684_xeVoaBbD",
                            "status": "complete",
                            "orderindex": 1,
                            "color": "#008844",
                            "type": "closed",
                            "status_group": "proj_90152363684"
                        }
                    ],
                    "permission_level": "create"
                },
                {
                    "id": "901506495621",
                    "name": "roman_Heavenhaven",
                    "orderindex": 23,
                    "content": "",
                    "status": null,
                    "priority": null,
                    "assignee": null,
                    "task_count": 0,
                    "due_date": null,
                    "start_date": null,
                    "space": {
                        "id": "90152363684",
                        "name": "New Space Namsssse",
                        "access": true
                    },
                    "archived": false,
                    "override_statuses": false,
                    "statuses": [
                        {
                            "id": "p90152363684_lFbAmagh",
                            "status": "to do",
                            "orderindex": 0,
                            "color": "#87909e",
                            "type": "open",
                            "status_group": "proj_90152363684"
                        },
                        {
                            "id": "p90152363684_xeVoaBbD",
                            "status": "complete",
                            "orderindex": 1,
                            "color": "#008844",
                            "type": "closed",
                            "status_group": "proj_90152363684"
                        }
                    ],
                    "permission_level": "create"
                },
                {
                    "id": "901506495624",
                    "name": "roman_Port Conradburgh",
                    "orderindex": 24,
                    "content": "",
                    "status": null,
                    "priority": null,
                    "assignee": null,
                    "task_count": 0,
                    "due_date": null,
                    "start_date": null,
                    "space": {
                        "id": "90152363684",
                        "name": "New Space Namsssse",
                        "access": true
                    },
                    "archived": false,
                    "override_statuses": false,
                    "statuses": [
                        {
                            "id": "p90152363684_lFbAmagh",
                            "status": "to do",
                            "orderindex": 0,
                            "color": "#87909e",
                            "type": "open",
                            "status_group": "proj_90152363684"
                        },
                        {
                            "id": "p90152363684_xeVoaBbD",
                            "status": "complete",
                            "orderindex": 1,
                            "color": "#008844",
                            "type": "closed",
                            "status_group": "proj_90152363684"
                        }
                    ],
                    "permission_level": "create"
                },
                {
                    "id": "901506495627",
                    "name": "roman_New Sebastian",
                    "orderindex": 25,
                    "content": "",
                    "status": null,
                    "priority": null,
                    "assignee": null,
                    "task_count": 0,
                    "due_date": null,
                    "start_date": null,
                    "space": {
                        "id": "90152363684",
                        "name": "New Space Namsssse",
                        "access": true
                    },
                    "archived": false,
                    "override_statuses": false,
                    "statuses": [
                        {
                            "id": "p90152363684_lFbAmagh",
                            "status": "to do",
                            "orderindex": 0,
                            "color": "#87909e",
                            "type": "open",
                            "status_group": "proj_90152363684"
                        },
                        {
                            "id": "p90152363684_xeVoaBbD",
                            "status": "complete",
                            "orderindex": 1,
                            "color": "#008844",
                            "type": "closed",
                            "status_group": "proj_90152363684"
                        }
                    ],
                    "permission_level": "create"
                },
                {
                    "id": "901506495716",
                    "name": "roman_Riceport",
                    "orderindex": 26,
                    "content": "",
                    "status": null,
                    "priority": null,
                    "assignee": null,
                    "task_count": 0,
                    "due_date": null,
                    "start_date": null,
                    "space": {
                        "id": "90152363684",
                        "name": "New Space Namsssse",
                        "access": true
                    },
                    "archived": false,
                    "override_statuses": false,
                    "statuses": [
                        {
                            "id": "p90152363684_lFbAmagh",
                            "status": "to do",
                            "orderindex": 0,
                            "color": "#87909e",
                            "type": "open",
                            "status_group": "proj_90152363684"
                        },
                        {
                            "id": "p90152363684_xeVoaBbD",
                            "status": "complete",
                            "orderindex": 1,
                            "color": "#008844",
                            "type": "closed",
                            "status_group": "proj_90152363684"
                        }
                    ],
                    "permission_level": "create"
                },
                {
                    "id": "901506495839",
                    "name": "dsdssd",
                    "orderindex": 31,
                    "content": "",
                    "status": null,
                    "priority": null,
                    "assignee": null,
                    "task_count": 0,
                    "due_date": null,
                    "start_date": null,
                    "space": {
                        "id": "90152363684",
                        "name": "New Space Namsssse",
                        "access": true
                    },
                    "archived": false,
                    "override_statuses": false,
                    "statuses": [
                        {
                            "id": "p90152363684_lFbAmagh",
                            "status": "to do",
                            "orderindex": 0,
                            "color": "#87909e",
                            "type": "open",
                            "status_group": "proj_90152363684"
                        },
                        {
                            "id": "p90152363684_xeVoaBbD",
                            "status": "complete",
                            "orderindex": 1,
                            "color": "#008844",
                            "type": "closed",
                            "status_group": "proj_90152363684"
                        }
                    ],
                    "permission_level": "create"
                },
                {
                    "id": "901506841851",
                    "name": "roman_Marisolfort",
                    "orderindex": 33,
                    "content": "",
                    "status": null,
                    "priority": null,
                    "assignee": null,
                    "task_count": 0,
                    "due_date": null,
                    "start_date": null,
                    "space": {
                        "id": "90152363684",
                        "name": "New Space Namsssse",
                        "access": true
                    },
                    "archived": false,
                    "override_statuses": false,
                    "statuses": [
                        {
                            "id": "p90152363684_lFbAmagh",
                            "status": "to do",
                            "orderindex": 0,
                            "color": "#87909e",
                            "type": "open",
                            "status_group": "proj_90152363684"
                        },
                        {
                            "id": "p90152363684_xeVoaBbD",
                            "status": "complete",
                            "orderindex": 1,
                            "color": "#008844",
                            "type": "closed",
                            "status_group": "proj_90152363684"
                        }
                    ],
                    "permission_level": "create"
                },
                {
                    "id": "901506881691",
                    "name": "roman_Sauerville",
                    "orderindex": 34,
                    "content": "",
                    "status": null,
                    "priority": null,
                    "assignee": null,
                    "task_count": 0,
                    "due_date": null,
                    "start_date": null,
                    "space": {
                        "id": "90152363684",
                        "name": "New Space Namsssse",
                        "access": true
                    },
                    "archived": false,
                    "override_statuses": false,
                    "statuses": [
                        {
                            "id": "p90152363684_lFbAmagh",
                            "status": "to do",
                            "orderindex": 0,
                            "color": "#87909e",
                            "type": "open",
                            "status_group": "proj_90152363684"
                        },
                        {
                            "id": "p90152363684_xeVoaBbD",
                            "status": "complete",
                            "orderindex": 1,
                            "color": "#008844",
                            "type": "closed",
                            "status_group": "proj_90152363684"
                        }
                    ],
                    "permission_level": "create"
                },
                {
                    "id": "901506881697",
                    "name": "roman_0",
                    "orderindex": 35,
                    "content": "",
                    "status": null,
                    "priority": null,
                    "assignee": null,
                    "task_count": 0,
                    "due_date": null,
                    "start_date": null,
                    "space": {
                        "id": "90152363684",
                        "name": "New Space Namsssse",
                        "access": true
                    },
                    "archived": false,
                    "override_statuses": false,
                    "statuses": [
                        {
                            "id": "p90152363684_lFbAmagh",
                            "status": "to do",
                            "orderindex": 0,
                            "color": "#87909e",
                            "type": "open",
                            "status_group": "proj_90152363684"
                        },
                        {
                            "id": "p90152363684_xeVoaBbD",
                            "status": "complete",
                            "orderindex": 1,
                            "color": "#008844",
                            "type": "closed",
                            "status_group": "proj_90152363684"
                        }
                    ],
                    "permission_level": "create"
                },
                {
                    "id": "901506881702",
                    "name": "roman_Karimouth",
                    "orderindex": 36,
                    "content": "",
                    "status": null,
                    "priority": null,
                    "assignee": null,
                    "task_count": 0,
                    "due_date": null,
                    "start_date": null,
                    "space": {
                        "id": "90152363684",
                        "name": "New Space Namsssse",
                        "access": true
                    },
                    "archived": false,
                    "override_statuses": false,
                    "statuses": [
                        {
                            "id": "p90152363684_lFbAmagh",
                            "status": "to do",
                            "orderindex": 0,
                            "color": "#87909e",
                            "type": "open",
                            "status_group": "proj_90152363684"
                        },
                        {
                            "id": "p90152363684_xeVoaBbD",
                            "status": "complete",
                            "orderindex": 1,
                            "color": "#008844",
                            "type": "closed",
                            "status_group": "proj_90152363684"
                        }
                    ],
                    "permission_level": "create"
                },
                {
                    "id": "901506881704",
                    "name": "roman_Kianaside",
                    "orderindex": 37,
                    "content": "",
                    "status": null,
                    "priority": null,
                    "assignee": null,
                    "task_count": 0,
                    "due_date": null,
                    "start_date": null,
                    "space": {
                        "id": "90152363684",
                        "name": "New Space Namsssse",
                        "access": true
                    },
                    "archived": false,
                    "override_statuses": false,
                    "statuses": [
                        {
                            "id": "p90152363684_lFbAmagh",
                            "status": "to do",
                            "orderindex": 0,
                            "color": "#87909e",
                            "type": "open",
                            "status_group": "proj_90152363684"
                        },
                        {
                            "id": "p90152363684_xeVoaBbD",
                            "status": "complete",
                            "orderindex": 1,
                            "color": "#008844",
                            "type": "closed",
                            "status_group": "proj_90152363684"
                        }
                    ],
                    "permission_level": "create"
                },
                {
                    "id": "901506891472",
                    "name": "roman_East Laneborough",
                    "orderindex": 38,
                    "content": "",
                    "status": null,
                    "priority": null,
                    "assignee": null,
                    "task_count": 0,
                    "due_date": null,
                    "start_date": null,
                    "space": {
                        "id": "90152363684",
                        "name": "New Space Namsssse",
                        "access": true
                    },
                    "archived": false,
                    "override_statuses": false,
                    "statuses": [
                        {
                            "id": "p90152363684_lFbAmagh",
                            "status": "to do",
                            "orderindex": 0,
                            "color": "#87909e",
                            "type": "open",
                            "status_group": "proj_90152363684"
                        },
                        {
                            "id": "p90152363684_xeVoaBbD",
                            "status": "complete",
                            "orderindex": 1,
                            "color": "#008844",
                            "type": "closed",
                            "status_group": "proj_90152363684"
                        }
                    ],
                    "permission_level": "create"
                },
                {
                    "id": "901506903785",
                    "name": "roman_Bellaville",
                    "orderindex": 39,
                    "content": "",
                    "status": null,
                    "priority": null,
                    "assignee": null,
                    "task_count": 0,
                    "due_date": null,
                    "start_date": null,
                    "space": {
                        "id": "90152363684",
                        "name": "New Space Namsssse",
                        "access": true
                    },
                    "archived": false,
                    "override_statuses": false,
                    "statuses": [
                        {
                            "id": "p90152363684_lFbAmagh",
                            "status": "to do",
                            "orderindex": 0,
                            "color": "#87909e",
                            "type": "open",
                            "status_group": "proj_90152363684"
                        },
                        {
                            "id": "p90152363684_xeVoaBbD",
                            "status": "complete",
                            "orderindex": 1,
                            "color": "#008844",
                            "type": "closed",
                            "status_group": "proj_90152363684"
                        }
                    ],
                    "permission_level": "create"
                },
                {
                    "id": "901506903829",
                    "name": "roman_Keyonchester",
                    "orderindex": 40,
                    "content": "",
                    "status": null,
                    "priority": null,
                    "assignee": null,
                    "task_count": 0,
                    "due_date": null,
                    "start_date": null,
                    "space": {
                        "id": "90152363684",
                        "name": "New Space Namsssse",
                        "access": true
                    },
                    "archived": false,
                    "override_statuses": false,
                    "statuses": [
                        {
                            "id": "p90152363684_lFbAmagh",
                            "status": "to do",
                            "orderindex": 0,
                            "color": "#87909e",
                            "type": "open",
                            "status_group": "proj_90152363684"
                        },
                        {
                            "id": "p90152363684_xeVoaBbD",
                            "status": "complete",
                            "orderindex": 1,
                            "color": "#008844",
                            "type": "closed",
                            "status_group": "proj_90152363684"
                        }
                    ],
                    "permission_level": "create"
                },
                {
                    "id": "901506903867",
                    "name": "roman_Sylvanstad",
                    "orderindex": 41,
                    "content": "",
                    "status": null,
                    "priority": null,
                    "assignee": null,
                    "task_count": 0,
                    "due_date": null,
                    "start_date": null,
                    "space": {
                        "id": "90152363684",
                        "name": "New Space Namsssse",
                        "access": true
                    },
                    "archived": false,
                    "override_statuses": false,
                    "statuses": [
                        {
                            "id": "p90152363684_lFbAmagh",
                            "status": "to do",
                            "orderindex": 0,
                            "color": "#87909e",
                            "type": "open",
                            "status_group": "proj_90152363684"
                        },
                        {
                            "id": "p90152363684_xeVoaBbD",
                            "status": "complete",
                            "orderindex": 1,
                            "color": "#008844",
                            "type": "closed",
                            "status_group": "proj_90152363684"
                        }
                    ],
                    "permission_level": "create"
                },
                {
                    "id": "901506903985",
                    "name": "roman_Runolfsdottirland",
                    "orderindex": 42,
                    "content": "",
                    "status": null,
                    "priority": null,
                    "assignee": null,
                    "task_count": 0,
                    "due_date": null,
                    "start_date": null,
                    "space": {
                        "id": "90152363684",
                        "name": "New Space Namsssse",
                        "access": true
                    },
                    "archived": false,
                    "override_statuses": false,
                    "statuses": [
                        {
                            "id": "p90152363684_lFbAmagh",
                            "status": "to do",
                            "orderindex": 0,
                            "color": "#87909e",
                            "type": "open",
                            "status_group": "proj_90152363684"
                        },
                        {
                            "id": "p90152363684_xeVoaBbD",
                            "status": "complete",
                            "orderindex": 1,
                            "color": "#008844",
                            "type": "closed",
                            "status_group": "proj_90152363684"
                        }
                    ],
                    "permission_level": "create"
                },
                {
                    "id": "901506904005",
                    "name": "lala",
                    "orderindex": 43,
                    "content": "",
                    "status": null,
                    "priority": null,
                    "assignee": null,
                    "task_count": 0,
                    "due_date": null,
                    "start_date": null,
                    "space": {
                        "id": "90152363684",
                        "name": "New Space Namsssse",
                        "access": true
                    },
                    "archived": false,
                    "override_statuses": false,
                    "statuses": [
                        {
                            "id": "p90152363684_lFbAmagh",
                            "status": "to do",
                            "orderindex": 0,
                            "color": "#87909e",
                            "type": "open",
                            "status_group": "proj_90152363684"
                        },
                        {
                            "id": "p90152363684_xeVoaBbD",
                            "status": "complete",
                            "orderindex": 1,
                            "color": "#008844",
                            "type": "closed",
                            "status_group": "proj_90152363684"
                        }
                    ],
                    "permission_level": "create"
                },
                {
                    "id": "901506958573",
                    "name": "lklk",
                    "orderindex": 44,
                    "content": "",
                    "status": null,
                    "priority": null,
                    "assignee": null,
                    "task_count": 0,
                    "due_date": null,
                    "start_date": null,
                    "space": {
                        "id": "90152363684",
                        "name": "New Space Namsssse",
                        "access": true
                    },
                    "archived": false,
                    "override_statuses": false,
                    "statuses": [
                        {
                            "id": "p90152363684_lFbAmagh",
                            "status": "to do",
                            "orderindex": 0,
                            "color": "#87909e",
                            "type": "open",
                            "status_group": "proj_90152363684"
                        },
                        {
                            "id": "p90152363684_xeVoaBbD",
                            "status": "complete",
                            "orderindex": 1,
                            "color": "#008844",
                            "type": "closed",
                            "status_group": "proj_90152363684"
                        }
                    ],
                    "permission_level": "create"
                }
            ],
            "permission_level": "create"
        },
        {
            "id": "90153624227",
            "name": "New Folder Name",
            "orderindex": 1,
            "override_statuses": false,
            "hidden": false,
            "space": {
                "id": "90152363684",
                "name": "New Space Namsssse"
            },
            "task_count": "0",
            "archived": false,
            "statuses": [],
            "lists": [],
            "permission_level": "create"
        }
    ]
}